platform,device,suite,source,document_type,language,method,backend,status,initialization_seconds,warm_median_seconds,warm_range_seconds,warm_operation_counts,peak_process_rss_mib,pytorch_allocator_peak_mib,pytorch_allocator_peak_status,cer,cer_ns,cer_bag
macos-arm64,cpu,format,data-json.json,direct-text,,default,plain,success,,0.00027150470466883825,2.4976565676386496e-06,913;921;921,33.390625,,not-applicable-for-cpu,,,
macos-arm64,cpu,format,data-xml.xml,direct-text,,default,plain,success,,0.00026779719807280513,3.7710515624282247e-06,926;934;940,33.59375,,not-applicable-for-cpu,,,
macos-arm64,cpu,format,data-yaml.yaml,direct-text,,default,plain,success,,0.00026794780513918627,5.492852016644853e-06,947;927;934,33.796875,,not-applicable-for-cpu,,,
macos-arm64,cpu,format,data-yml.yml,direct-text,,default,plain,success,,0.00026699906616862323,1.481139933137731e-06,934;937;939,34.03125,,not-applicable-for-cpu,,,
macos-arm64,cpu,format,ebook.epub,office-web,,default,markitdown,success,,0.01382676752631579,0.0020875928049535596,19;17;19;19;19;18;17,393.03125,,not-applicable-for-cpu,,,
macos-arm64,cpu,format,email.msg,office-web,,default,markitdown,success,,0.013729583315789474,0.0010301549707602328,18;19;19,445.34375,,not-applicable-for-cpu,,,
macos-arm64,cpu,format,image-bmp.bmp,image,latin,docling+ocr,docling+ocr,success,18.545038292,0.386302167,0.007441833000000009,1;1;1,1636.296875,,not-applicable-for-cpu,,,
macos-arm64,cpu,format,image-bmp.bmp,image,latin,ocr,ocrmac,success,,0.06949809375,0.004742927249999987,4;4;4,491.234375,,not-applicable-for-cpu,,,
macos-arm64,cpu,format,image-jpeg.jpeg,image,latin,docling+ocr,docling+ocr,success,,0.399225708,0.011685292000000014,1;1;1,1638.59375,,not-applicable-for-cpu,,,
macos-arm64,cpu,format,image-jpeg.jpeg,image,latin,ocr,ocrmac,success,,0.06691417725,0.0034997917500000086,4;4;4,1637.84375,,not-applicable-for-cpu,,,
macos-arm64,cpu,format,image-jpg.jpg,image,latin,docling+ocr,docling+ocr,success,,0.400369209,0.006401959000000013,1;1;1,1638.6875,,not-applicable-for-cpu,,,
macos-arm64,cpu,format,image-jpg.jpg,image,latin,ocr,ocrmac,success,,0.06578240625,0.0006025417500000047,4;4;4,1638.484375,,not-applicable-for-cpu,,,
macos-arm64,cpu,format,image-png.png,image,latin,docling+ocr,docling+ocr,success,,0.389691,0.010712668000000036,1;1;1,1638.734375,,not-applicable-for-cpu,,,
macos-arm64,cpu,format,image-png.png,image,latin,ocr,ocrmac,success,,0.06597245825,0.004280656249999987,4;4;4,1638.640625,,not-applicable-for-cpu,,,
macos-arm64,cpu,format,image-tif.tif,image,latin,docling+ocr,docling+ocr,success,,0.384137375,0.009498250000000041,1;1;1,1651.359375,,not-applicable-for-cpu,,,
macos-arm64,cpu,format,image-tif.tif,image,latin,ocr,ocrmac,success,,0.06563272925,0.0014610937500000032,4;4;4,1638.671875,,not-applicable-for-cpu,,,
macos-arm64,cpu,format,image-tiff.tiff,image,latin,docling+ocr,docling+ocr,success,,0.3847755,0.005427124999999977,1;1;1,1651.421875,,not-applicable-for-cpu,,,
macos-arm64,cpu,format,image-tiff.tiff,image,latin,ocr,ocrmac,success,,0.066367396,0.0007811144999999992,4;4;4,1651.3125,,not-applicable-for-cpu,,,
macos-arm64,cpu,format,image-webp.webp,image,latin,docling+ocr,docling+ocr,success,,0.394012875,0.0020456660000000015,1;1;1,1666.953125,,not-applicable-for-cpu,,,
macos-arm64,cpu,format,image-webp.webp,image,latin,ocr,ocrmac,success,,0.06658221875,0.001188874749999999,4;4;4,1652.125,,not-applicable-for-cpu,,,
macos-arm64,cpu,format,markdown.md,direct-text,,default,plain,success,,0.0004498107014388489,7.816662353064493e-06,556;548;557,1667.015625,,not-applicable-for-cpu,,,
macos-arm64,cpu,format,pdf-born-digital.pdf,born-digital-pdf,,default,pypdfium2,success,,0.0008128215616883117,1.2935954309888868e-05,310;308;305,1668.015625,,not-applicable-for-cpu,,,
macos-arm64,cpu,format,pdf-born-digital.pdf,born-digital-pdf,,docling,docling,success,1.358770708,0.294345166,0.0029939589999999905,1;1;1,1956.390625,,not-applicable-for-cpu,,,
macos-arm64,cpu,format,pdf-scanned.pdf,scanned-pdf,latin,docling+ocr,docling+ocr,success,,0.373716625,0.0046600829999999815,1;1;1,2015.75,,not-applicable-for-cpu,,,
macos-arm64,cpu,format,pdf-scanned.pdf,scanned-pdf,latin,ocr,ocrmac,success,,0.0620958832,0.002887170750000001,4;5;5,1956.671875,,not-applicable-for-cpu,,,
macos-arm64,cpu,format,plain-cp874.txt,direct-text,,default,plain,success,,0.0004400783532513181,1.3694297452491967e-05,569;570;553,2015.75,,not-applicable-for-cpu,,,
macos-arm64,cpu,format,plain-utf8.txt,direct-text,,default,plain,success,,0.00044657775357142854,6.146834466861609e-06,558;560;566,2015.75,,not-applicable-for-cpu,,,
macos-arm64,cpu,format,presentation.pptx,office-web,,default,markitdown,success,,0.015400186235294116,0.0006336548713235298,17;16;17,2038.15625,,not-applicable-for-cpu,,,
macos-arm64,cpu,format,spreadsheet-legacy.xls,office-web,,default,markitdown,success,,0.014308150444444445,0.0004959119999999994,18;18;18,2101.328125,,not-applicable-for-cpu,,,
macos-arm64,cpu,format,spreadsheet.xlsx,office-web,,default,markitdown,success,,0.01620779425,0.01106708817647059,17;17;16;16;15;17;16,2182.90625,,not-applicable-for-cpu,,,
macos-arm64,cpu,format,table.csv,direct-text,,default,plain,success,,0.00044716852678571435,3.4763289971625534e-06,560;563;559,2182.90625,,not-applicable-for-cpu,,,
macos-arm64,cpu,format,web-page-legacy.htm,office-web,,default,markitdown,success,,0.014223495388888889,0.0008892530994152065,18;19;18,2204.46875,,not-applicable-for-cpu,,,
macos-arm64,cpu,format,web-page.html,office-web,,default,markitdown,success,,0.014031412055555557,0.001236981567251461,18;19;18,2247.875,,not-applicable-for-cpu,,,
macos-arm64,cpu,format,word-document.docx,office-web,,default,markitdown,success,,0.1592763335,0.0029987285000000197,2;2;2,2261.484375,,not-applicable-for-cpu,,,
macos-arm64,cpu,language,pdf/ar-clean.pdf,scanned-pdf,arabic,docling+ocr,docling+ocr,success,1.510722125,0.514939041,0.015990958000000055,1;1;1,4075.796875,,not-applicable-for-cpu,0.3819444444444444,0.3817427385892116,0.008298755186721992
macos-arm64,cpu,language,pdf/ar-clean.pdf,scanned-pdf,arabic,ocr,ocrmac,success,,0.190934729,0.007905854500000004,2;2;2,3822.296875,,not-applicable-for-cpu,0.006944444444444444,0.008298755186721992,0.008298755186721992
macos-arm64,cpu,language,pdf/de-clean.pdf,scanned-pdf,latin,docling+ocr,docling+ocr,success,,0.5599535,0.023464542000000033,1;1;1,2131.28125,,not-applicable-for-cpu,0.0,0.0,0.0
macos-arm64,cpu,language,pdf/de-clean.pdf,scanned-pdf,latin,ocr,ocrmac,success,,0.197041021,0.004643708499999982,2;2;2,2121.4375,,not-applicable-for-cpu,0.0,0.0,0.0
macos-arm64,cpu,language,pdf/en-clean.pdf,scanned-pdf,latin,docling+ocr,docling+ocr,success,,0.569070417,0.010048292000000014,1;1;1,2131.640625,,not-applicable-for-cpu,0.0,0.0,0.0
macos-arm64,cpu,language,pdf/en-clean.pdf,scanned-pdf,latin,ocr,ocrmac,success,,0.1988411455,0.005435437500000001,2;2;2,2144.515625,,not-applicable-for-cpu,0.0,0.0,0.0
macos-arm64,cpu,language,pdf/ja-clean.pdf,scanned-pdf,japanese,docling+ocr,docling+ocr,success,1.636539875,0.665972917,0.030511500000000025,1;1;1,2651.109375,,not-applicable-for-cpu,0.08522727272727272,0.006535947712418301,0.006535947712418301
macos-arm64,cpu,language,pdf/ja-clean.pdf,scanned-pdf,japanese,ocr,ocrmac,success,,0.329885667,0.012796291000000015,1;1;1,2283.84375,,not-applicable-for-cpu,0.07954545454545454,0.013071895424836602,0.013071895424836602
macos-arm64,cpu,language,pdf/ko-clean.pdf,scanned-pdf,korean,docling+ocr,docling+ocr,success,1.777957959,0.631192667,0.006008666000000051,1;1;1,3475.828125,,not-applicable-for-cpu,0.005,0.0,0.0
macos-arm64,cpu,language,pdf/ko-clean.pdf,scanned-pdf,korean,ocr,ocrmac,success,,0.324977667,0.006462834000000028,1;1;1,3108.453125,,not-applicable-for-cpu,0.005,0.0,0.0
macos-arm64,cpu,language,pdf/ru-clean.pdf,scanned-pdf,cyrillic,docling+ocr,docling+ocr,success,1.718697125,0.538327708,0.010116375000000066,1;1;1,3826.296875,,not-applicable-for-cpu,0.2991202346041056,0.2935153583617747,0.0
macos-arm64,cpu,language,pdf/ru-clean.pdf,scanned-pdf,cyrillic,ocr,ocrmac,success,,0.1995844165,0.007243916500000003,2;2;2,3500.40625,,not-applicable-for-cpu,0.0,0.0,0.0
macos-arm64,cpu,language,pdf/th-clean.pdf,scanned-pdf,thai,docling+ocr,docling+ocr,success,2.101871916,0.689478,0.018830374999999955,1;1;1,2280.65625,,not-applicable-for-cpu,0.003194888178913738,0.003401360544217687,0.003401360544217687
macos-arm64,cpu,language,pdf/th-clean.pdf,scanned-pdf,thai,ocr,ocrmac,success,,0.378765875,0.006086749999999974,1;1;1,2142.265625,,not-applicable-for-cpu,0.003194888178913738,0.003401360544217687,0.003401360544217687
macos-arm64,cpu,language,pdf/vi-clean.pdf,scanned-pdf,latin,docling+ocr,docling+ocr,success,,0.571816375,0.017518790999999978,1;1;1,2134.046875,,not-applicable-for-cpu,0.35294117647058826,0.3582089552238806,0.0
macos-arm64,cpu,language,pdf/vi-clean.pdf,scanned-pdf,latin,ocr,ocrmac,success,,0.223917271,0.002367083499999978,2;2;2,2133.53125,,not-applicable-for-cpu,0.023529411764705882,0.029850746268656716,0.029850746268656716
macos-arm64,cpu,language,pdf/zh-clean.pdf,scanned-pdf,chinese,docling+ocr,docling+ocr,success,1.494836042,0.50073425,0.0021320839999999786,1;1;1,3046.421875,,not-applicable-for-cpu,0.07913669064748201,0.01652892561983471,0.01652892561983471
macos-arm64,cpu,language,pdf/zh-clean.pdf,scanned-pdf,chinese,ocr,ocrmac,success,,0.196067125,0.006454041500000007,2;2;2,2681.8125,,not-applicable-for-cpu,0.08633093525179857,0.024793388429752067,0.024793388429752067
macos-arm64,cpu,language,pdf/zt-clean.pdf,scanned-pdf,chinese,docling+ocr,docling+ocr,success,,0.503550417,0.0016064590000000045,1;1;1,3075.9375,,not-applicable-for-cpu,0.539568345323741,0.5041322314049587,0.024793388429752067
macos-arm64,cpu,language,pdf/zt-clean.pdf,scanned-pdf,chinese,ocr,ocrmac,success,,0.1921706875,0.01015604149999999,2;2;2,3039.953125,,not-applicable-for-cpu,0.07913669064748201,0.01652892561983471,0.01652892561983471
macos-arm64,mps,format,image-bmp.bmp,image,latin,docling+ocr,docling+ocr,success,13.33514125,0.2007333335,0.005279771000000016,2;2;2,1128.21875,,mps-has-no-peak-allocator-api,,,
macos-arm64,mps,format,image-jpeg.jpeg,image,latin,docling+ocr,docling+ocr,success,,0.214786021,0.0016854790000000175,2;2;2,1151.859375,,mps-has-no-peak-allocator-api,,,
macos-arm64,mps,format,image-jpg.jpg,image,latin,docling+ocr,docling+ocr,success,,0.214584208,0.004733062499999996,2;2;2,1151.90625,,mps-has-no-peak-allocator-api,,,
macos-arm64,mps,format,image-png.png,image,latin,docling+ocr,docling+ocr,success,,0.1979087915,0.003771207999999998,2;2;2,1151.84375,,mps-has-no-peak-allocator-api,,,
macos-arm64,mps,format,image-tif.tif,image,latin,docling+ocr,docling+ocr,success,,0.200167979,0.0022276875000000196,2;2;2,1156.640625,,mps-has-no-peak-allocator-api,,,
macos-arm64,mps,format,image-tiff.tiff,image,latin,docling+ocr,docling+ocr,success,,0.1995682705,0.004794582999999991,2;2;2,1156.65625,,mps-has-no-peak-allocator-api,,,
macos-arm64,mps,format,image-webp.webp,image,latin,docling+ocr,docling+ocr,success,,0.2114364795,0.004984937999999994,2;2;2,1157.5625,,mps-has-no-peak-allocator-api,,,
macos-arm64,mps,format,pdf-born-digital.pdf,born-digital-pdf,,docling,docling,success,1.488820834,0.12373147200000001,0.0006872083333333417,3;3;3,1334.140625,,mps-has-no-peak-allocator-api,,,
macos-arm64,mps,format,pdf-scanned.pdf,scanned-pdf,latin,docling+ocr,docling+ocr,success,,0.1911885205,0.0018864789999999965,2;2;2,1339.09375,,mps-has-no-peak-allocator-api,,,
macos-arm64,mps,language,pdf/ar-clean.pdf,scanned-pdf,arabic,docling+ocr,docling+ocr,success,2.165801833,0.3321275,0.016526123999999975,1;1;1,1172.171875,,mps-has-no-peak-allocator-api,0.3819444444444444,0.3817427385892116,0.008298755186721992
macos-arm64,mps,language,pdf/de-clean.pdf,scanned-pdf,latin,docling+ocr,docling+ocr,success,,0.351079208,0.007771707999999988,1;1;1,1420.546875,,mps-has-no-peak-allocator-api,0.0,0.0,0.0
macos-arm64,mps,language,pdf/en-clean.pdf,scanned-pdf,latin,docling+ocr,docling+ocr,success,,0.351643417,0.01223620799999997,1;1;1,1399.90625,,mps-has-no-peak-allocator-api,0.0,0.0,0.0
macos-arm64,mps,language,pdf/ja-clean.pdf,scanned-pdf,japanese,docling+ocr,docling+ocr,success,1.973866375,0.509391833,0.025554958000000072,1;1;1,1349.71875,,mps-has-no-peak-allocator-api,0.08522727272727272,0.006535947712418301,0.006535947712418301
macos-arm64,mps,language,pdf/ko-clean.pdf,scanned-pdf,korean,docling+ocr,docling+ocr,success,2.079029375,0.461792292,0.04067283300000002,1;1;1,1533.609375,,mps-has-no-peak-allocator-api,0.005,0.0,0.0
macos-arm64,mps,language,pdf/ru-clean.pdf,scanned-pdf,cyrillic,docling+ocr,docling+ocr,success,2.135112625,0.377094792,0.00626791600000004,1;1;1,1000.734375,,mps-has-no-peak-allocator-api,0.2991202346041056,0.2935153583617747,0.0
macos-arm64,mps,language,pdf/th-clean.pdf,scanned-pdf,thai,docling+ocr,docling+ocr,success,1.850142208,0.525983875,0.030062083000000017,1;1;1,1445.609375,,mps-has-no-peak-allocator-api,0.003194888178913738,0.003401360544217687,0.003401360544217687
macos-arm64,mps,language,pdf/vi-clean.pdf,scanned-pdf,latin,docling+ocr,docling+ocr,success,,0.359374208,0.0069686670000000395,1;1;1,1421.734375,,mps-has-no-peak-allocator-api,0.35294117647058826,0.3582089552238806,0.0
macos-arm64,mps,language,pdf/zh-clean.pdf,scanned-pdf,chinese,docling+ocr,docling+ocr,success,1.616964667,0.333861708,0.0011950839999999574,1;1;1,1532.078125,,mps-has-no-peak-allocator-api,0.07913669064748201,0.01652892561983471,0.01652892561983471
macos-arm64,mps,language,pdf/zt-clean.pdf,scanned-pdf,chinese,docling+ocr,docling+ocr,success,,0.3308215,0.0021145010000000464,1;1;1,1562.5,,mps-has-no-peak-allocator-api,0.539568345323741,0.5041322314049587,0.024793388429752067
ubuntu-gtx1060,cpu,format,data-json.json,direct-text,,default,plain,success,,0.00010562085889311365,4.015519276784246e-06,2308;2367;2396,23.96484375,,not-applicable-for-cpu,,,
ubuntu-gtx1060,cpu,format,data-xml.xml,direct-text,,default,plain,success,,0.00010534623631002529,4.887184584770411e-06,2374;2339;2451,25.3671875,,not-applicable-for-cpu,,,
ubuntu-gtx1060,cpu,format,data-yaml.yaml,direct-text,,default,plain,success,,0.00010145017444219067,3.4325028255800864e-06,2390;2471;2465,25.9375,,not-applicable-for-cpu,,,
ubuntu-gtx1060,cpu,format,data-yml.yml,direct-text,,default,plain,success,,0.00010336117858619266,4.832562035448845e-06,2332;2419;2442,26.4921875,,not-applicable-for-cpu,,,
ubuntu-gtx1060,cpu,format,ebook.epub,office-web,,default,markitdown,success,,0.038101143428571425,0.12159917213333335,7;3;9;3;10;3;10,256.2578125,,not-applicable-for-cpu,,,
ubuntu-gtx1060,cpu,format,email.msg,office-web,,default,markitdown,success,,0.1215579112,0.4738638588181818,1;8;4;11;1;7;5,321.77734375,,not-applicable-for-cpu,,,
ubuntu-gtx1060,cpu,format,image-bmp.bmp,image,latin,docling+ocr,docling+ocr,success,573.088244666,1.934806749,6.456314758,1;1;1;1;1;1;1,2025.015625,,not-applicable-for-cpu,,,
ubuntu-gtx1060,cpu,format,image-bmp.bmp,image,latin,ocr,rapidocr,success,,2.048244064,0.9257741310000003,1;1;1;1;1;1;1,490.10546875,,not-applicable-for-cpu,,,
ubuntu-gtx1060,cpu,format,image-jpeg.jpeg,image,latin,docling+ocr,docling+ocr,success,,1.692032778,0.02352021900000012,1;1;1,2079.984375,,not-applicable-for-cpu,,,
ubuntu-gtx1060,cpu,format,image-jpeg.jpeg,image,latin,ocr,rapidocr,success,,2.545582689,3.18728517,1;1;1;1;1;1;1,2133.7890625,,not-applicable-for-cpu,,,
ubuntu-gtx1060,cpu,format,image-jpg.jpg,image,latin,docling+ocr,docling+ocr,success,,1.662797191,0.06064631399999998,1;1;1,2059.00390625,,not-applicable-for-cpu,,,
ubuntu-gtx1060,cpu,format,image-jpg.jpg,image,latin,ocr,rapidocr,success,,2.097662543,0.06567160700000008,1;1;1,2133.35546875,,not-applicable-for-cpu,,,
ubuntu-gtx1060,cpu,format,image-png.png,image,latin,docling+ocr,docling+ocr,success,,1.664778218,0.05288468000000002,1;1;1,2155.71484375,,not-applicable-for-cpu,,,
ubuntu-gtx1060,cpu,format,image-png.png,image,latin,ocr,rapidocr,success,,2.162954718,0.524194158,1;1;1;1;1;1;1,2168.0703125,,not-applicable-for-cpu,,,
ubuntu-gtx1060,cpu,format,image-tif.tif,image,latin,docling+ocr,docling+ocr,success,,1.728471008,0.09331047600000009,1;1;1,2050.67578125,,not-applicable-for-cpu,,,
ubuntu-gtx1060,cpu,format,image-tif.tif,image,latin,ocr,rapidocr,success,,2.20044516,1.173367808,1;1;1;1;1;1;1,2113.27734375,,not-applicable-for-cpu,,,
ubuntu-gtx1060,cpu,format,image-tiff.tiff,image,latin,docling+ocr,docling+ocr,success,,1.722537753,0.03773425600000002,1;1;1,1997.43359375,,not-applicable-for-cpu,,,
ubuntu-gtx1060,cpu,format,image-tiff.tiff,image,latin,ocr,rapidocr,success,,2.095341601,0.43101073099999976,1;1;1;1;1;1;1,2117.6640625,,not-applicable-for-cpu,,,
ubuntu-gtx1060,cpu,format,image-webp.webp,image,latin,docling+ocr,docling+ocr,success,,1.692233095,0.044123152999999915,1;1;1,2065.7265625,,not-applicable-for-cpu,,,
ubuntu-gtx1060,cpu,format,image-webp.webp,image,latin,ocr,rapidocr,success,,2.244431221,0.11606235600000003,1;1;1,2078.05859375,,not-applicable-for-cpu,,,
ubuntu-gtx1060,cpu,format,markdown.md,direct-text,,default,plain,success,,0.00011759454327375351,0.00010897807296569586,1109;2104;2144;2104;2147;2126;2129,2032.9765625,,not-applicable-for-cpu,,,
ubuntu-gtx1060,cpu,format,pdf-born-digital.pdf,born-digital-pdf,,default,pypdfium2,success,,0.0008873631737588652,4.513208445709629e-06,282;284;282,2034.06640625,,not-applicable-for-cpu,,,
ubuntu-gtx1060,cpu,format,pdf-born-digital.pdf,born-digital-pdf,,docling,docling,success,5.358989346,0.480266765,0.07415772999999998,1;1;1;1;1;1;1,2303.59375,,not-applicable-for-cpu,,,
ubuntu-gtx1060,cpu,format,pdf-scanned.pdf,scanned-pdf,latin,docling+ocr,docling+ocr,success,,1.697497352,0.01893423400000005,1;1;1,2431.23046875,,not-applicable-for-cpu,,,
ubuntu-gtx1060,cpu,format,pdf-scanned.pdf,scanned-pdf,latin,ocr,rapidocr,success,,2.121510747,0.46191227199999974,1;1;1;1;1;1;1,2412.91796875,,not-applicable-for-cpu,,,
ubuntu-gtx1060,cpu,format,plain-cp874.txt,direct-text,,default,plain,success,,0.00013854242548476454,5.1252592296648905e-06,1780;1805;1847,2307.0,,not-applicable-for-cpu,,,
ubuntu-gtx1060,cpu,format,plain-utf8.txt,direct-text,,default,plain,success,,0.00012454552988047809,1.1990094354066998e-05,1900;2008;2090,2307.0,,not-applicable-for-cpu,,,
ubuntu-gtx1060,cpu,format,presentation.pptx,office-web,,default,markitdown,success,,0.06089416111111111,0.23112434990000003,9;7;5;10;2;8;4,2447.4375,,not-applicable-for-cpu,,,
ubuntu-gtx1060,cpu,format,spreadsheet-legacy.xls,office-web,,default,markitdown,success,,0.036942815999999996,0.35624941266666665,9;1;9;3;9;3;7,2478.71484375,,not-applicable-for-cpu,,,
ubuntu-gtx1060,cpu,format,spreadsheet.xlsx,office-web,,default,markitdown,success,,0.1205149074,0.32100272014285713,4;6;1;5;7;5;6,2507.29296875,,not-applicable-for-cpu,,,
ubuntu-gtx1060,cpu,format,table.csv,direct-text,,default,plain,success,,0.0001989123922036595,6.356771664086741e-05,995;1136;1257;1125;1286;1273;1318,2507.29296875,,not-applicable-for-cpu,,,
ubuntu-gtx1060,cpu,format,web-page-legacy.htm,office-web,,default,markitdown,success,,0.1137398272,0.10903749674999999,5;8;4;8;4;8;4,2566.32421875,,not-applicable-for-cpu,,,
ubuntu-gtx1060,cpu,format,web-page.html,office-web,,default,markitdown,success,,0.061056675166666664,0.4848309697,10;1;8;4;12;8;4,2627.75,,not-applicable-for-cpu,,,
ubuntu-gtx1060,cpu,format,word-document.docx,office-web,,default,markitdown,success,,0.3464657385,0.728173281,1;2;2;1;2;1;2,2626.23828125,,not-applicable-for-cpu,,,
ubuntu-gtx1060,cpu,language,pdf/ar-clean.pdf,scanned-pdf,arabic,docling+ocr,,unsupported,,,,,,,,,,
ubuntu-gtx1060,cpu,language,pdf/ar-clean.pdf,scanned-pdf,arabic,ocr,,unsupported,,,,,,,,,,
ubuntu-gtx1060,cpu,language,pdf/de-clean.pdf,scanned-pdf,latin,docling+ocr,docling+ocr,success,,1.942278771,0.4636539259999999,1;1;1;1;1;1;1,4187.2109375,,not-applicable-for-cpu,0.0,0.0,0.0
ubuntu-gtx1060,cpu,language,pdf/de-clean.pdf,scanned-pdf,latin,ocr,rapidocr,success,,3.150426106,0.20493368300000014,1;1;1,3101.87109375,,not-applicable-for-cpu,0.0,0.0,0.0
ubuntu-gtx1060,cpu,language,pdf/en-clean.pdf,scanned-pdf,latin,docling+ocr,docling+ocr,success,,1.870073126,0.07224467099999998,1;1;1,3101.87109375,,not-applicable-for-cpu,0.0,0.0,0.0
ubuntu-gtx1060,cpu,language,pdf/en-clean.pdf,scanned-pdf,latin,ocr,rapidocr,success,,2.789202156,0.19219898400000002,1;1;1,2597.89453125,,not-applicable-for-cpu,0.0,0.0,0.0
ubuntu-gtx1060,cpu,language,pdf/ja-clean.pdf,scanned-pdf,japanese,docling+ocr,docling+ocr,success,4.306737785,2.016613456,0.15548156000000013,1;1;1,5459.3359375,,not-applicable-for-cpu,0.09090909090909091,0.0,0.0
ubuntu-gtx1060,cpu,language,pdf/ja-clean.pdf,scanned-pdf,japanese,ocr,rapidocr,success,,13.784797324,0.7693542319999995,1;1;1,4951.40234375,,not-applicable-for-cpu,0.0625,0.0,0.0
ubuntu-gtx1060,cpu,language,pdf/ko-clean.pdf,scanned-pdf,korean,docling+ocr,,unsupported,,,,,,,,,,
ubuntu-gtx1060,cpu,language,pdf/ko-clean.pdf,scanned-pdf,korean,ocr,,unsupported,,,,,,,,,,
ubuntu-gtx1060,cpu,language,pdf/ru-clean.pdf,scanned-pdf,cyrillic,docling+ocr,,unsupported,,,,,,,,,,
ubuntu-gtx1060,cpu,language,pdf/ru-clean.pdf,scanned-pdf,cyrillic,ocr,,unsupported,,,,,,,,,,
ubuntu-gtx1060,cpu,language,pdf/th-clean.pdf,scanned-pdf,thai,docling+ocr,,unsupported,,,,,,,,,,
ubuntu-gtx1060,cpu,language,pdf/th-clean.pdf,scanned-pdf,thai,ocr,,unsupported,,,,,,,,,,
ubuntu-gtx1060,cpu,language,pdf/vi-clean.pdf,scanned-pdf,latin,docling+ocr,docling+ocr,success,,1.98760031,23.676169027,1;1;1;1;1;1;1,4867.9453125,,not-applicable-for-cpu,0.22647058823529412,0.26865671641791045,0.26119402985074625
ubuntu-gtx1060,cpu,language,pdf/vi-clean.pdf,scanned-pdf,latin,ocr,rapidocr,success,,2.954425079,0.03154624700000008,1;1;1,4187.2109375,,not-applicable-for-cpu,0.15,0.19029850746268656,0.19029850746268656
ubuntu-gtx1060,cpu,language,pdf/zh-clean.pdf,scanned-pdf,chinese,docling+ocr,docling+ocr,success,3.16863192,1.853380516,0.06863929200000007,1;1;1,6750.453125,,not-applicable-for-cpu,0.05755395683453238,0.0,0.0
ubuntu-gtx1060,cpu,language,pdf/zh-clean.pdf,scanned-pdf,chinese,ocr,rapidocr,success,,11.176651474,0.38143098900000005,1;1;1,5710.4140625,,not-applicable-for-cpu,0.04316546762589928,0.0,0.0
ubuntu-gtx1060,cpu,language,pdf/zt-clean.pdf,scanned-pdf,chinese,docling+ocr,docling+ocr,success,,2.034045944,0.24062076899999973,1;1;1;1;1;1;1,7986.55859375,,not-applicable-for-cpu,0.07194244604316546,0.0,0.0
ubuntu-gtx1060,cpu,language,pdf/zt-clean.pdf,scanned-pdf,chinese,ocr,rapidocr,success,,10.967254755,0.15006475900000105,1;1;1,6976.36328125,,not-applicable-for-cpu,0.02877697841726619,0.0,0.0
ubuntu-gtx1060,cuda,format,image-bmp.bmp,image,latin,docling+ocr,docling+ocr,success,28.922560779,1.184278318,0.09957583300000006,1;1;1,2070.21875,575.16845703125,available,,,
ubuntu-gtx1060,cuda,format,image-jpeg.jpeg,image,latin,docling+ocr,docling+ocr,success,,1.551696361,0.5235579529999999,1;1;1;1;1;1;1,2212.515625,503.19091796875,available,,,
ubuntu-gtx1060,cuda,format,image-jpg.jpg,image,latin,docling+ocr,docling+ocr,success,,1.117055116,0.054283593000000074,1;1;1,2180.31640625,503.19091796875,available,,,
ubuntu-gtx1060,cuda,format,image-png.png,image,latin,docling+ocr,docling+ocr,success,,1.144014225,0.03158837799999992,1;1;1,2214.3046875,503.19091796875,available,,,
ubuntu-gtx1060,cuda,format,image-tif.tif,image,latin,docling+ocr,docling+ocr,success,,1.166398597,0.08726842199999996,1;1;1,2215.2734375,503.19091796875,available,,,
ubuntu-gtx1060,cuda,format,image-tiff.tiff,image,latin,docling+ocr,docling+ocr,success,,1.143036265,0.035942179999999935,1;1;1,2172.8046875,503.19091796875,available,,,
ubuntu-gtx1060,cuda,format,image-webp.webp,image,latin,docling+ocr,docling+ocr,success,,1.210013953,0.06006194999999992,1;1;1,2194.1953125,503.19091796875,available,,,
ubuntu-gtx1060,cuda,format,pdf-born-digital.pdf,born-digital-pdf,,docling,docling,success,1.853854432,0.10133755233333334,0.001111925666666666,3;3;3,2251.078125,954.60693359375,available,,,
ubuntu-gtx1060,cuda,format,pdf-scanned.pdf,scanned-pdf,latin,docling+ocr,docling+ocr,success,,1.159407126,0.012992032000000098,1;1;1,2269.8125,873.47705078125,available,,,
ubuntu-gtx1060,cuda,language,pdf/ar-clean.pdf,scanned-pdf,arabic,docling+ocr,,unsupported,,,,,,,,,,
ubuntu-gtx1060,cuda,language,pdf/de-clean.pdf,scanned-pdf,latin,docling+ocr,docling+ocr,success,,1.388470851,0.049610010999999954,1;1;1,2480.296875,873.47705078125,available,0.0,0.0,0.0
ubuntu-gtx1060,cuda,language,pdf/en-clean.pdf,scanned-pdf,latin,docling+ocr,docling+ocr,success,,1.461877754,0.012880824000000013,1;1;1,2420.734375,873.47705078125,available,0.0,0.0,0.0
ubuntu-gtx1060,cuda,language,pdf/ja-clean.pdf,scanned-pdf,japanese,docling+ocr,docling+ocr,success,3.3533146,1.495152964,0.22080759800000016,1;1;1;1;1;1;1,2898.44140625,1329.76806640625,available,0.09090909090909091,0.0,0.0
ubuntu-gtx1060,cuda,language,pdf/ko-clean.pdf,scanned-pdf,korean,docling+ocr,,unsupported,,,,,,,,,,
ubuntu-gtx1060,cuda,language,pdf/ru-clean.pdf,scanned-pdf,cyrillic,docling+ocr,,unsupported,,,,,,,,,,
ubuntu-gtx1060,cuda,language,pdf/th-clean.pdf,scanned-pdf,thai,docling+ocr,,unsupported,,,,,,,,,,
ubuntu-gtx1060,cuda,language,pdf/vi-clean.pdf,scanned-pdf,latin,docling+ocr,docling+ocr,success,,1.467446207,0.09998415299999985,1;1;1,2477.42578125,873.47705078125,available,0.22647058823529412,0.26865671641791045,0.26119402985074625
ubuntu-gtx1060,cuda,language,pdf/zh-clean.pdf,scanned-pdf,chinese,docling+ocr,docling+ocr,success,4.427650952,1.371913293,0.087726886,1;1;1,3094.75,1700.67919921875,available,0.05755395683453238,0.0,0.0
ubuntu-gtx1060,cuda,language,pdf/zt-clean.pdf,scanned-pdf,chinese,docling+ocr,docling+ocr,success,,1.394038566,0.234698007,1;1;1;1;1;1;1,3300.7578125,1617.42431640625,available,0.07194244604316546,0.0,0.0
windows-rtx3090ti,cpu,format,data-json.json,direct-text,,default,plain,success,,0.02905312222222222,0.006504857499999996,9;10;8;9;10;9;10,33.90625,,not-applicable-for-cpu,,,
windows-rtx3090ti,cpu,format,data-xml.xml,direct-text,,default,plain,success,,0.0350904,0.0304720625,8;8;7;8;7;8;6,33.91015625,,not-applicable-for-cpu,,,
windows-rtx3090ti,cpu,format,data-yaml.yaml,direct-text,,default,plain,success,,0.0314372125,0.005387891666666672,8;8;9;8;9;8;9,33.9140625,,not-applicable-for-cpu,,,
windows-rtx3090ti,cpu,format,data-yml.yml,direct-text,,default,plain,success,,0.02887142222222222,0.0022591222222222186,9;9;9,33.91796875,,not-applicable-for-cpu,,,
windows-rtx3090ti,cpu,format,ebook.epub,office-web,,default,markitdown,success,,0.15770955,0.03746805,2;2;2;2;2;2;2,177.21875,,not-applicable-for-cpu,,,
windows-rtx3090ti,cpu,format,email.msg,office-web,,default,markitdown,success,,0.15736125,0.06058364999999999,2;2;2;2;2;2;2,237.99609375,,not-applicable-for-cpu,,,
windows-rtx3090ti,cpu,format,image-bmp.bmp,image,latin,docling+ocr,docling+ocr,success,22.4223314,6.2613464,0.12750770000000067,1;1;1,1574.109375,,not-applicable-for-cpu,,,
windows-rtx3090ti,cpu,format,image-bmp.bmp,image,latin,ocr,rapidocr,success,,3.725991,0.24567970000000017,1;1;1,329.2578125,,not-applicable-for-cpu,,,
windows-rtx3090ti,cpu,format,image-jpeg.jpeg,image,latin,docling+ocr,docling+ocr,success,,6.1652828,0.14152400000000043,1;1;1,1660.29296875,,not-applicable-for-cpu,,,
windows-rtx3090ti,cpu,format,image-jpeg.jpeg,image,latin,ocr,rapidocr,success,,3.7901112,0.27967330000000024,1;1;1,1724.18359375,,not-applicable-for-cpu,,,
windows-rtx3090ti,cpu,format,image-jpg.jpg,image,latin,docling+ocr,docling+ocr,success,,6.3336459,0.2601399999999998,1;1;1,1720.08984375,,not-applicable-for-cpu,,,
windows-rtx3090ti,cpu,format,image-jpg.jpg,image,latin,ocr,rapidocr,success,,3.7902225,0.3533522999999996,1;1;1,1826.96875,,not-applicable-for-cpu,,,
windows-rtx3090ti,cpu,format,image-png.png,image,latin,docling+ocr,docling+ocr,success,,7.0767315,4.5328531,1;1;1;1;1;1;1,1757.44921875,,not-applicable-for-cpu,,,
windows-rtx3090ti,cpu,format,image-png.png,image,latin,ocr,rapidocr,success,,3.8137799,0.9565271000000006,1;1;1;1;1;1;1,1993.6328125,,not-applicable-for-cpu,,,
windows-rtx3090ti,cpu,format,image-tif.tif,image,latin,docling+ocr,docling+ocr,success,,6.5595783,0.04471710000000062,1;1;1,1827.8359375,,not-applicable-for-cpu,,,
windows-rtx3090ti,cpu,format,image-tif.tif,image,latin,ocr,rapidocr,success,,4.0709514,0.21256429999999993,1;1;1,1813.1796875,,not-applicable-for-cpu,,,
windows-rtx3090ti,cpu,format,image-tiff.tiff,image,latin,docling+ocr,docling+ocr,success,,6.5919601,0.28587579999999946,1;1;1,1851.65625,,not-applicable-for-cpu,,,
windows-rtx3090ti,cpu,format,image-tiff.tiff,image,latin,ocr,rapidocr,success,,4.089212,0.3761909000000001,1;1;1,1903.53515625,,not-applicable-for-cpu,,,
windows-rtx3090ti,cpu,format,image-webp.webp,image,latin,docling+ocr,docling+ocr,success,,6.8253871,0.03727679999999989,1;1;1,2051.171875,,not-applicable-for-cpu,,,
windows-rtx3090ti,cpu,format,image-webp.webp,image,latin,ocr,rapidocr,success,,4.4138014,0.5748758,1;1;1;1;1;1;1,2010.95703125,,not-applicable-for-cpu,,,
windows-rtx3090ti,cpu,format,markdown.md,direct-text,,default,plain,success,,0.0331335125,0.002414287500000001,8;8;8,1798.0234375,,not-applicable-for-cpu,,,
windows-rtx3090ti,cpu,format,pdf-born-digital.pdf,born-digital-pdf,,default,pypdfium2,success,,0.010462720000000002,0.0009998481739130413,25;25;23,1798.74609375,,not-applicable-for-cpu,,,
windows-rtx3090ti,cpu,format,pdf-born-digital.pdf,born-digital-pdf,,docling,docling,success,3.7459791,1.6883706,0.40509989999999996,1;1;1;1;1;1;1,2087.203125,,not-applicable-for-cpu,,,
windows-rtx3090ti,cpu,format,pdf-scanned.pdf,scanned-pdf,latin,docling+ocr,docling+ocr,success,,7.1041937,0.1907002000000002,1;1;1,2253.78515625,,not-applicable-for-cpu,,,
windows-rtx3090ti,cpu,format,pdf-scanned.pdf,scanned-pdf,latin,ocr,rapidocr,success,,4.457137,0.2850028,1;1;1,2230.00390625,,not-applicable-for-cpu,,,
windows-rtx3090ti,cpu,format,plain-cp874.txt,direct-text,,default,plain,success,,0.046705699999999996,0.012797750000000004,6;6;5;6;6;5;6,2253.78515625,,not-applicable-for-cpu,,,
windows-rtx3090ti,cpu,format,plain-utf8.txt,direct-text,,default,plain,success,,0.04734973333333333,0.009760193333333327,6;5;6;6;7;6;6,2253.78515625,,not-applicable-for-cpu,,,
windows-rtx3090ti,cpu,format,presentation.pptx,office-web,,default,markitdown,success,,0.1983867,0.051566,2;2;2;2;2;2;2,2202.29296875,,not-applicable-for-cpu,,,
windows-rtx3090ti,cpu,format,spreadsheet-legacy.xls,office-web,,default,markitdown,success,,0.19491845,0.05337105,2;2;2;2;2;2;2,2282.29296875,,not-applicable-for-cpu,,,
windows-rtx3090ti,cpu,format,spreadsheet.xlsx,office-web,,default,markitdown,success,,0.20080815,0.08699005000000001,2;2;2;2;2;2;1,2254.89453125,,not-applicable-for-cpu,,,
windows-rtx3090ti,cpu,format,table.csv,direct-text,,default,plain,success,,0.05021900000000001,0.0225780575,5;8;8;8;6;5;5,2254.89453125,,not-applicable-for-cpu,,,
windows-rtx3090ti,cpu,format,web-page-legacy.htm,office-web,,default,markitdown,success,,0.18183915,0.07766619999999999,2;2;2;2;2;2;2,2296.6796875,,not-applicable-for-cpu,,,
windows-rtx3090ti,cpu,format,web-page.html,office-web,,default,markitdown,success,,0.1755891,0.015892299999999998,2;2;2,2256.171875,,not-applicable-for-cpu,,,
windows-rtx3090ti,cpu,format,word-document.docx,office-web,,default,markitdown,success,,0.4103687,0.5358134,1;1;1;1;1;1;1,2195.6484375,,not-applicable-for-cpu,,,
windows-rtx3090ti,cpu,language,pdf/ar-clean.pdf,scanned-pdf,arabic,docling+ocr,,unsupported,,,,,,,,,,
windows-rtx3090ti,cpu,language,pdf/ar-clean.pdf,scanned-pdf,arabic,ocr,,unsupported,,,,,,,,,,
windows-rtx3090ti,cpu,language,pdf/de-clean.pdf,scanned-pdf,latin,docling+ocr,docling+ocr,success,,5.7971809,0.2455892000000004,1;1;1,2243.2421875,,not-applicable-for-cpu,0.0,0.0,0.0
windows-rtx3090ti,cpu,language,pdf/de-clean.pdf,scanned-pdf,latin,ocr,rapidocr,success,,5.7011685,1.6147496000000006,1;1;1;1;1;1;1,2443.11328125,,not-applicable-for-cpu,0.0,0.0,0.0
windows-rtx3090ti,cpu,language,pdf/en-clean.pdf,scanned-pdf,latin,docling+ocr,docling+ocr,success,,6.9905399,0.43616480000000024,1;1;1,2344.70703125,,not-applicable-for-cpu,0.0,0.0,0.0
windows-rtx3090ti,cpu,language,pdf/en-clean.pdf,scanned-pdf,latin,ocr,rapidocr,success,,6.5987737,0.27950750000000024,1;1;1,2393.7265625,,not-applicable-for-cpu,0.0,0.0,0.0
windows-rtx3090ti,cpu,language,pdf/ja-clean.pdf,scanned-pdf,japanese,docling+ocr,docling+ocr,success,10.1566802,6.377043,0.20712809999999937,1;1;1,2753.5859375,,not-applicable-for-cpu,0.09090909090909091,0.0,0.0
windows-rtx3090ti,cpu,language,pdf/ja-clean.pdf,scanned-pdf,japanese,ocr,rapidocr,success,,29.8774061,0.5899099999999997,1;1;1,2464.13671875,,not-applicable-for-cpu,0.0625,0.0,0.0
windows-rtx3090ti,cpu,language,pdf/ko-clean.pdf,scanned-pdf,korean,docling+ocr,,unsupported,,,,,,,,,,
windows-rtx3090ti,cpu,language,pdf/ko-clean.pdf,scanned-pdf,korean,ocr,,unsupported,,,,,,,,,,
windows-rtx3090ti,cpu,language,pdf/ru-clean.pdf,scanned-pdf,cyrillic,docling+ocr,,unsupported,,,,,,,,,,
windows-rtx3090ti,cpu,language,pdf/ru-clean.pdf,scanned-pdf,cyrillic,ocr,,unsupported,,,,,,,,,,
windows-rtx3090ti,cpu,language,pdf/th-clean.pdf,scanned-pdf,thai,docling+ocr,,unsupported,,,,,,,,,,
windows-rtx3090ti,cpu,language,pdf/th-clean.pdf,scanned-pdf,thai,ocr,,unsupported,,,,,,,,,,
windows-rtx3090ti,cpu,language,pdf/vi-clean.pdf,scanned-pdf,latin,docling+ocr,docling+ocr,success,,6.4238591,0.14031579999999977,1;1;1,2398.40234375,,not-applicable-for-cpu,0.22647058823529412,0.26865671641791045,0.26119402985074625
windows-rtx3090ti,cpu,language,pdf/vi-clean.pdf,scanned-pdf,latin,ocr,rapidocr,success,,4.9737186,0.47260100000000005,1;1;1,2361.265625,,not-applicable-for-cpu,0.15,0.19029850746268656,0.19029850746268656
windows-rtx3090ti,cpu,language,pdf/zh-clean.pdf,scanned-pdf,chinese,docling+ocr,docling+ocr,success,8.8510234,6.2411888,0.2879277,1;1;1,3307.26171875,,not-applicable-for-cpu,0.05755395683453238,0.0,0.0
windows-rtx3090ti,cpu,language,pdf/zh-clean.pdf,scanned-pdf,chinese,ocr,rapidocr,success,,23.6577703,0.1867922999999969,1;1;1,2956.578125,,not-applicable-for-cpu,0.04316546762589928,0.0,0.0
windows-rtx3090ti,cpu,language,pdf/zt-clean.pdf,scanned-pdf,chinese,docling+ocr,docling+ocr,success,,6.1627055,0.13299400000000006,1;1;1,3443.69921875,,not-applicable-for-cpu,0.07194244604316546,0.0,0.0
windows-rtx3090ti,cpu,language,pdf/zt-clean.pdf,scanned-pdf,chinese,ocr,rapidocr,success,,23.6189982,0.32575049999999806,1;1;1,3408.93359375,,not-applicable-for-cpu,0.02877697841726619,0.0,0.0
windows-rtx3090ti,cuda,format,image-bmp.bmp,image,latin,docling+ocr,docling+ocr,success,19.7719074,4.8153054,0.09985849999999985,1;1;1,1925.50390625,575.16845703125,available,,,
windows-rtx3090ti,cuda,format,image-jpeg.jpeg,image,latin,docling+ocr,docling+ocr,success,,4.870672,0.21637839999999997,1;1;1,1975.71875,503.19091796875,available,,,
windows-rtx3090ti,cuda,format,image-jpg.jpg,image,latin,docling+ocr,docling+ocr,success,,4.9130813,0.0630917000000002,1;1;1,2042.01171875,503.19091796875,available,,,
windows-rtx3090ti,cuda,format,image-png.png,image,latin,docling+ocr,docling+ocr,success,,4.8607817,0.3123534000000001,1;1;1,2030.47265625,503.19091796875,available,,,
windows-rtx3090ti,cuda,format,image-tif.tif,image,latin,docling+ocr,docling+ocr,success,,4.9516097,0.23377919999999985,1;1;1,2013.703125,503.19091796875,available,,,
windows-rtx3090ti,cuda,format,image-tiff.tiff,image,latin,docling+ocr,docling+ocr,success,,4.8281402,0.16202449999999935,1;1;1,2124.5546875,503.19091796875,available,,,
windows-rtx3090ti,cuda,format,image-webp.webp,image,latin,docling+ocr,docling+ocr,success,,4.9052344,0.24278759999999977,1;1;1,2105.19921875,503.19091796875,available,,,
windows-rtx3090ti,cuda,format,pdf-born-digital.pdf,born-digital-pdf,,docling,docling,success,2.6720092,0.2086026,0.005281050000000009,2;2;2,1958.46484375,954.60693359375,available,,,
windows-rtx3090ti,cuda,format,pdf-scanned.pdf,scanned-pdf,latin,docling+ocr,docling+ocr,success,,5.027659,0.1267125,1;1;1,2057.03125,873.47705078125,available,,,
windows-rtx3090ti,cuda,language,pdf/ar-clean.pdf,scanned-pdf,arabic,docling+ocr,,unsupported,,,,,,,,,,
windows-rtx3090ti,cuda,language,pdf/de-clean.pdf,scanned-pdf,latin,docling+ocr,docling+ocr,success,,4.5410251,0.17689490000000063,1;1;1,2100.78125,873.47705078125,available,0.0,0.0,0.0
windows-rtx3090ti,cuda,language,pdf/en-clean.pdf,scanned-pdf,latin,docling+ocr,docling+ocr,success,,5.2903145,0.35870779999999947,1;1;1,2144.15234375,873.47705078125,available,0.0,0.0,0.0
windows-rtx3090ti,cuda,language,pdf/ja-clean.pdf,scanned-pdf,japanese,docling+ocr,docling+ocr,success,8.1854153,5.0550096,0.1791727999999999,1;1;1,2251.15234375,1329.76806640625,available,0.09090909090909091,0.0,0.0
windows-rtx3090ti,cuda,language,pdf/ko-clean.pdf,scanned-pdf,korean,docling+ocr,,unsupported,,,,,,,,,,
windows-rtx3090ti,cuda,language,pdf/ru-clean.pdf,scanned-pdf,cyrillic,docling+ocr,,unsupported,,,,,,,,,,
windows-rtx3090ti,cuda,language,pdf/th-clean.pdf,scanned-pdf,thai,docling+ocr,,unsupported,,,,,,,,,,
windows-rtx3090ti,cuda,language,pdf/vi-clean.pdf,scanned-pdf,latin,docling+ocr,docling+ocr,success,,5.4077184,0.20804490000000087,1;1;1,2216.60546875,873.47705078125,available,0.22647058823529412,0.26865671641791045,0.26119402985074625
windows-rtx3090ti,cuda,language,pdf/zh-clean.pdf,scanned-pdf,chinese,docling+ocr,docling+ocr,success,7.7352759,5.0387751,0.3249518,1;1;1,2356.125,1700.67919921875,available,0.05755395683453238,0.0,0.0
windows-rtx3090ti,cuda,language,pdf/zt-clean.pdf,scanned-pdf,chinese,docling+ocr,docling+ocr,success,,5.1406321,0.3482599999999998,1;1;1,2374.16015625,1617.42431640625,available,0.07194244604316546,0.0,0.0
